from,to,distance_km,cumulative_distance_km,eta_hours,cost_leg_nok,co2_leg_g
OSLO S,Oslo Sentrum Shop,0.4506680737632737,0.4506680737632737,0.009013361475265474,1.802672295053095,54.080168851592845
Oslo Sentrum Shop,Tøyen Flowers,1.508796156321296,1.9594642300845697,0.039189284601691396,6.035184625285184,181.0555387585555
Tøyen Flowers,Grünerløkka Cafe,1.6299352397639233,3.589399469848493,0.07178798939696987,6.519740959055693,195.5922287716708
Grünerløkka Cafe,Sinsen Kiosk,2.035365831107505,5.624765300955998,0.11249530601911997,8.14146332443002,244.24389973290062
Sinsen Kiosk,Storo Electronics,0.5805393592484828,6.20530466020448,0.12410609320408963,2.322157436993931,69.66472310981793
Storo Electronics,Ullevål Hospital,2.142809070871018,8.348113731075498,0.16696227462151,8.571236283484073,257.1370885045222
Ullevål Hospital,Bislett Bakery,1.4614527392952592,9.809566470370758,0.19619132940741518,5.845810957181037,175.3743287154311
Bislett Bakery,Majorstuen Books,1.2554488914334805,11.065015361804239,0.2213003072360848,5.021795565733922,150.65386697201765
Majorstuen Books,Ljabru House,8.276277523295864,19.341292885100103,0.38682585770200206,33.105110093183455,993.1533027955037
